location_id,location_name,parameter,datetimeUtc,value,unit
6981,"Fort William, Kolkata - WBPCB",pm25,15-12-2025,50.08,µg/m³
6981,"Fort William, Kolkata - WBPCB",pm25,15-12-2025,50.08,µg/m³
6981,"Fort William, Kolkata - WBPCB",pm25,15-12-2025,50.08,µg/m³
6981,"Fort William, Kolkata - WBPCB",pm25,15-12-2025,51.01,µg/m³
6981,"Fort William, Kolkata - WBPCB",pm25,15-12-2025,51.41,µg/m³
6981,"Fort William, Kolkata - WBPCB",pm25,15-12-2025,51.41,µg/m³
6981,"Fort William, Kolkata - WBPCB",pm25,15-12-2025,50.34,µg/m³
6981,"Fort William, Kolkata - WBPCB",pm25,15-12-2025,49.88,µg/m³
6981,"Fort William, Kolkata - WBPCB",pm25,15-12-2025,49.88,µg/m³
6981,"Fort William, Kolkata - WBPCB",pm25,15-12-2025,49.98,µg/m³
6981,"Fort William, Kolkata - WBPCB",pm25,15-12-2025,49.98,µg/m³
6981,"Fort William, Kolkata - WBPCB",pm25,15-12-2025,49.98,µg/m³
6981,"Fort William, Kolkata - WBPCB",pm25,15-12-2025,49.77,µg/m³
6981,"Fort William, Kolkata - WBPCB",pm25,15-12-2025,49.69,µg/m³
6981,"Fort William, Kolkata - WBPCB",pm25,15-12-2025,49.69,µg/m³
6981,"Fort William, Kolkata - WBPCB",pm25,15-12-2025,46.5,µg/m³
6981,"Fort William, Kolkata - WBPCB",pm25,15-12-2025,46.5,µg/m³
6981,"Fort William, Kolkata - WBPCB",pm25,15-12-2025,40.57,µg/m³
6981,"Fort William, Kolkata - WBPCB",pm25,15-12-2025,38.03,µg/m³
6981,"Fort William, Kolkata - WBPCB",pm25,15-12-2025,38.03,µg/m³
6981,"Fort William, Kolkata - WBPCB",pm25,15-12-2025,35.33,µg/m³
6981,"Fort William, Kolkata - WBPCB",pm25,15-12-2025,34.17,µg/m³
6981,"Fort William, Kolkata - WBPCB",pm25,15-12-2025,34.17,µg/m³
6981,"Fort William, Kolkata - WBPCB",pm25,15-12-2025,34.17,µg/m³
6981,"Fort William, Kolkata - WBPCB",pm25,15-12-2025,33.2,µg/m³
6981,"Fort William, Kolkata - WBPCB",pm25,15-12-2025,32.77,µg/m³
6981,"Fort William, Kolkata - WBPCB",pm25,15-12-2025,32.77,µg/m³
6981,"Fort William, Kolkata - WBPCB",pm25,15-12-2025,32.77,µg/m³
6981,"Fort William, Kolkata - WBPCB",pm25,15-12-2025,30.23,µg/m³
6981,"Fort William, Kolkata - WBPCB",pm25,15-12-2025,29.14,µg/m³
6981,"Fort William, Kolkata - WBPCB",pm25,15-12-2025,29.14,µg/m³
6981,"Fort William, Kolkata - WBPCB",pm25,15-12-2025,29.14,µg/m³
6981,"Fort William, Kolkata - WBPCB",pm25,15-12-2025,30.25,µg/m³
6981,"Fort William, Kolkata - WBPCB",pm25,15-12-2025,30.73,µg/m³
6981,"Fort William, Kolkata - WBPCB",pm25,15-12-2025,30.73,µg/m³
6981,"Fort William, Kolkata - WBPCB",pm25,15-12-2025,30.73,µg/m³
6981,"Fort William, Kolkata - WBPCB",pm25,15-12-2025,31.9,µg/m³
6981,"Fort William, Kolkata - WBPCB",pm25,15-12-2025,32.4,µg/m³
6981,"Fort William, Kolkata - WBPCB",pm25,15-12-2025,32.4,µg/m³
6981,"Fort William, Kolkata - WBPCB",pm25,15-12-2025,32.4,µg/m³
6981,"Fort William, Kolkata - WBPCB",pm25,15-12-2025,33.4,µg/m³
6981,"Fort William, Kolkata - WBPCB",pm25,15-12-2025,33.83,µg/m³
6981,"Fort William, Kolkata - WBPCB",pm25,15-12-2025,33.83,µg/m³
6981,"Fort William, Kolkata - WBPCB",pm25,15-12-2025,39.22,µg/m³
6981,"Fort William, Kolkata - WBPCB",pm25,15-12-2025,41.53,µg/m³
6981,"Fort William, Kolkata - WBPCB",pm25,15-12-2025,41.53,µg/m³
6981,"Fort William, Kolkata - WBPCB",pm25,15-12-2025,41.53,µg/m³
6981,"Fort William, Kolkata - WBPCB",pm25,15-12-2025,49.41,µg/m³
6981,"Fort William, Kolkata - WBPCB",pm25,15-12-2025,52.79,µg/m³
6981,"Fort William, Kolkata - WBPCB",pm25,15-12-2025,52.79,µg/m³
6981,"Fort William, Kolkata - WBPCB",pm25,15-12-2025,52.79,µg/m³
6981,"Fort William, Kolkata - WBPCB",pm25,15-12-2025,64.3,µg/m³
6981,"Fort William, Kolkata - WBPCB",pm25,15-12-2025,69.24,µg/m³
6981,"Fort William, Kolkata - WBPCB",pm25,15-12-2025,69.24,µg/m³
6981,"Fort William, Kolkata - WBPCB",pm25,15-12-2025,69.24,µg/m³
6981,"Fort William, Kolkata - WBPCB",pm25,15-12-2025,72.58,µg/m³
6981,"Fort William, Kolkata - WBPCB",pm25,15-12-2025,74.01,µg/m³
6981,"Fort William, Kolkata - WBPCB",pm25,15-12-2025,74.01,µg/m³
6981,"Fort William, Kolkata - WBPCB",pm25,15-12-2025,74.01,µg/m³
6981,"Fort William, Kolkata - WBPCB",pm25,15-12-2025,75.82,µg/m³
6981,"Fort William, Kolkata - WBPCB",pm25,15-12-2025,76.6,µg/m³
6981,"Fort William, Kolkata - WBPCB",pm25,15-12-2025,76.6,µg/m³
6981,"Fort William, Kolkata - WBPCB",pm25,15-12-2025,74.42,µg/m³
6981,"Fort William, Kolkata - WBPCB",pm25,15-12-2025,72.67,µg/m³
6981,"Fort William, Kolkata - WBPCB",pm25,15-12-2025,71.92,µg/m³
6981,"Fort William, Kolkata - WBPCB",pm25,15-12-2025,71.92,µg/m³
6981,"Fort William, Kolkata - WBPCB",pm25,15-12-2025,71.92,µg/m³
6981,"Fort William, Kolkata - WBPCB",pm25,15-12-2025,71.92,µg/m³
6981,"Fort William, Kolkata - WBPCB",pm25,15-12-2025,71.92,µg/m³
6981,"Fort William, Kolkata - WBPCB",pm25,15-12-2025,71.92,µg/m³
6981,"Fort William, Kolkata - WBPCB",pm25,15-12-2025,69.86,µg/m³
6981,"Fort William, Kolkata - WBPCB",pm25,15-12-2025,68.98,µg/m³
6981,"Fort William, Kolkata - WBPCB",pm25,15-12-2025,68.98,µg/m³
6981,"Fort William, Kolkata - WBPCB",pm25,15-12-2025,68.98,µg/m³
6981,"Fort William, Kolkata - WBPCB",pm25,15-12-2025,66.09,µg/m³
6981,"Fort William, Kolkata - WBPCB",pm25,15-12-2025,64.85,µg/m³
6981,"Fort William, Kolkata - WBPCB",pm25,15-12-2025,64.85,µg/m³
6981,"Fort William, Kolkata - WBPCB",pm25,15-12-2025,64.85,µg/m³
6981,"Fort William, Kolkata - WBPCB",pm25,15-12-2025,57.74,µg/m³
6981,"Fort William, Kolkata - WBPCB",pm25,16-12-2025,55.45,µg/m³
6981,"Fort William, Kolkata - WBPCB",pm25,16-12-2025,55.45,µg/m³
6981,"Fort William, Kolkata - WBPCB",pm25,16-12-2025,55.45,µg/m³
6981,"Fort William, Kolkata - WBPCB",pm25,16-12-2025,53.58,µg/m³
6981,"Fort William, Kolkata - WBPCB",pm25,16-12-2025,52.78,µg/m³
6981,"Fort William, Kolkata - WBPCB",pm25,16-12-2025,52.78,µg/m³
6981,"Fort William, Kolkata - WBPCB",pm25,16-12-2025,52.78,µg/m³
6981,"Fort William, Kolkata - WBPCB",pm25,16-12-2025,51.75,µg/m³
6981,"Fort William, Kolkata - WBPCB",pm25,16-12-2025,51.31,µg/m³
6981,"Fort William, Kolkata - WBPCB",pm25,16-12-2025,51.31,µg/m³
6981,"Fort William, Kolkata - WBPCB",pm25,16-12-2025,51.31,µg/m³
6981,"Fort William, Kolkata - WBPCB",pm25,16-12-2025,54.11,µg/m³
6981,"Fort William, Kolkata - WBPCB",pm25,16-12-2025,55.32,µg/m³
6981,"Fort William, Kolkata - WBPCB",pm25,16-12-2025,55.32,µg/m³
6981,"Fort William, Kolkata - WBPCB",pm25,16-12-2025,55.32,µg/m³
6981,"Fort William, Kolkata - WBPCB",pm25,16-12-2025,55.12,µg/m³
6981,"Fort William, Kolkata - WBPCB",pm25,16-12-2025,55.04,µg/m³
6981,"Fort William, Kolkata - WBPCB",pm25,16-12-2025,55.04,µg/m³
6981,"Fort William, Kolkata - WBPCB",pm25,16-12-2025,55.04,µg/m³
6981,"Fort William, Kolkata - WBPCB",pm25,16-12-2025,54.51,µg/m³
6981,"Fort William, Kolkata - WBPCB",pm25,16-12-2025,54.28,µg/m³
6981,"Fort William, Kolkata - WBPCB",pm25,16-12-2025,54.28,µg/m³
6981,"Fort William, Kolkata - WBPCB",pm25,16-12-2025,49.79,µg/m³
6981,"Fort William, Kolkata - WBPCB",pm25,16-12-2025,47.87,µg/m³
6981,"Fort William, Kolkata - WBPCB",pm25,16-12-2025,47.87,µg/m³
6981,"Fort William, Kolkata - WBPCB",pm25,16-12-2025,47.87,µg/m³
6981,"Fort William, Kolkata - WBPCB",pm25,16-12-2025,49.5,µg/m³
6981,"Fort William, Kolkata - WBPCB",pm25,16-12-2025,50.19,µg/m³
6981,"Fort William, Kolkata - WBPCB",pm25,16-12-2025,50.19,µg/m³
6981,"Fort William, Kolkata - WBPCB",pm25,16-12-2025,50.19,µg/m³
6981,"Fort William, Kolkata - WBPCB",pm25,16-12-2025,45.27,µg/m³
6981,"Fort William, Kolkata - WBPCB",pm25,16-12-2025,43.16,µg/m³
6981,"Fort William, Kolkata - WBPCB",pm25,16-12-2025,43.16,µg/m³
6981,"Fort William, Kolkata - WBPCB",pm25,16-12-2025,42.8,µg/m³
6981,"Fort William, Kolkata - WBPCB",pm25,16-12-2025,42.8,µg/m³
6981,"Fort William, Kolkata - WBPCB",pm25,16-12-2025,42.8,µg/m³
6981,"Fort William, Kolkata - WBPCB",pm25,16-12-2025,42.04,µg/m³
6981,"Fort William, Kolkata - WBPCB",pm25,16-12-2025,41.71,µg/m³
6981,"Fort William, Kolkata - WBPCB",pm25,16-12-2025,41.71,µg/m³
6981,"Fort William, Kolkata - WBPCB",pm25,16-12-2025,41.71,µg/m³
6981,"Fort William, Kolkata - WBPCB",pm25,16-12-2025,44.43,µg/m³
6981,"Fort William, Kolkata - WBPCB",pm25,16-12-2025,45.6,µg/m³
6981,"Fort William, Kolkata - WBPCB",pm25,16-12-2025,45.6,µg/m³
6981,"Fort William, Kolkata - WBPCB",pm25,16-12-2025,45.6,µg/m³
6981,"Fort William, Kolkata - WBPCB",pm25,16-12-2025,49.61,µg/m³
6981,"Fort William, Kolkata - WBPCB",pm25,16-12-2025,51.33,µg/m³
6981,"Fort William, Kolkata - WBPCB",pm25,16-12-2025,51.33,µg/m³
6981,"Fort William, Kolkata - WBPCB",pm25,16-12-2025,51.33,µg/m³
6981,"Fort William, Kolkata - WBPCB",pm25,16-12-2025,56.71,µg/m³
6981,"Fort William, Kolkata - WBPCB",pm25,16-12-2025,59.02,µg/m³
6981,"Fort William, Kolkata - WBPCB",pm25,16-12-2025,59.02,µg/m³
6981,"Fort William, Kolkata - WBPCB",pm25,16-12-2025,67.66,µg/m³
6981,"Fort William, Kolkata - WBPCB",pm25,16-12-2025,71.36,µg/m³
6981,"Fort William, Kolkata - WBPCB",pm25,16-12-2025,71.36,µg/m³
6981,"Fort William, Kolkata - WBPCB",pm25,16-12-2025,83.48,µg/m³
6981,"Fort William, Kolkata - WBPCB",pm25,16-12-2025,83.48,µg/m³
6981,"Fort William, Kolkata - WBPCB",pm25,16-12-2025,83.48,µg/m³
6981,"Fort William, Kolkata - WBPCB",pm25,16-12-2025,87.99,µg/m³
6981,"Fort William, Kolkata - WBPCB",pm25,16-12-2025,89.93,µg/m³
6981,"Fort William, Kolkata - WBPCB",pm25,16-12-2025,89.93,µg/m³
6981,"Fort William, Kolkata - WBPCB",pm25,16-12-2025,92.54,µg/m³
6981,"Fort William, Kolkata - WBPCB",pm25,16-12-2025,87.92,µg/m³
6981,"Fort William, Kolkata - WBPCB",pm25,16-12-2025,90.53,µg/m³
6981,"Fort William, Kolkata - WBPCB",pm25,16-12-2025,91.65,µg/m³
6981,"Fort William, Kolkata - WBPCB",pm25,16-12-2025,91.65,µg/m³
6981,"Fort William, Kolkata - WBPCB",pm25,16-12-2025,91.65,µg/m³
6981,"Fort William, Kolkata - WBPCB",pm25,16-12-2025,91.89,µg/m³
6981,"Fort William, Kolkata - WBPCB",pm25,16-12-2025,91.99,µg/m³
6981,"Fort William, Kolkata - WBPCB",pm25,16-12-2025,91.99,µg/m³
6981,"Fort William, Kolkata - WBPCB",pm25,16-12-2025,91.99,µg/m³
6981,"Fort William, Kolkata - WBPCB",pm25,16-12-2025,87.33,µg/m³
6981,"Fort William, Kolkata - WBPCB",pm25,16-12-2025,85.34,µg/m³
6981,"Fort William, Kolkata - WBPCB",pm25,16-12-2025,85.34,µg/m³
6981,"Fort William, Kolkata - WBPCB",pm25,16-12-2025,85.34,µg/m³
6981,"Fort William, Kolkata - WBPCB",pm25,16-12-2025,82.24,µg/m³
6981,"Fort William, Kolkata - WBPCB",pm25,16-12-2025,80.91,µg/m³
6981,"Fort William, Kolkata - WBPCB",pm25,16-12-2025,80.91,µg/m³
6981,"Fort William, Kolkata - WBPCB",pm25,16-12-2025,80.91,µg/m³
6981,"Fort William, Kolkata - WBPCB",pm25,16-12-2025,79.91,µg/m³
6981,"Fort William, Kolkata - WBPCB",pm25,16-12-2025,79.48,µg/m³
6981,"Fort William, Kolkata - WBPCB",pm25,17-12-2025,79.48,µg/m³
6981,"Fort William, Kolkata - WBPCB",pm25,17-12-2025,79.48,µg/m³
6981,"Fort William, Kolkata - WBPCB",pm25,17-12-2025,71.96,µg/m³
6981,"Fort William, Kolkata - WBPCB",pm25,17-12-2025,68.73,µg/m³
6981,"Fort William, Kolkata - WBPCB",pm25,17-12-2025,68.73,µg/m³
6981,"Fort William, Kolkata - WBPCB",pm25,17-12-2025,68.73,µg/m³
6981,"Fort William, Kolkata - WBPCB",pm25,17-12-2025,65.34,µg/m³
6981,"Fort William, Kolkata - WBPCB",pm25,17-12-2025,63.89,µg/m³
6981,"Fort William, Kolkata - WBPCB",pm25,17-12-2025,63.89,µg/m³
6981,"Fort William, Kolkata - WBPCB",pm25,17-12-2025,63.89,µg/m³
6981,"Fort William, Kolkata - WBPCB",pm25,17-12-2025,57.66,µg/m³
6981,"Fort William, Kolkata - WBPCB",pm25,17-12-2025,54.99,µg/m³
6981,"Fort William, Kolkata - WBPCB",pm25,17-12-2025,54.99,µg/m³
6981,"Fort William, Kolkata - WBPCB",pm25,17-12-2025,60.21,µg/m³
6981,"Fort William, Kolkata - WBPCB",pm25,17-12-2025,62.57,µg/m³
6981,"Fort William, Kolkata - WBPCB",pm25,17-12-2025,62.57,µg/m³
6981,"Fort William, Kolkata - WBPCB",pm25,17-12-2025,62.57,µg/m³
6981,"Fort William, Kolkata - WBPCB",pm25,17-12-2025,62.85,µg/m³
6981,"Fort William, Kolkata - WBPCB",pm25,17-12-2025,62.97,µg/m³
6981,"Fort William, Kolkata - WBPCB",pm25,17-12-2025,62.97,µg/m³
6981,"Fort William, Kolkata - WBPCB",pm25,17-12-2025,60.62,µg/m³
6981,"Fort William, Kolkata - WBPCB",pm25,17-12-2025,59.61,µg/m³
6981,"Fort William, Kolkata - WBPCB",pm25,17-12-2025,59.61,µg/m³
6981,"Fort William, Kolkata - WBPCB",pm25,17-12-2025,59.61,µg/m³
6981,"Fort William, Kolkata - WBPCB",pm25,17-12-2025,56.7,µg/m³
6981,"Fort William, Kolkata - WBPCB",pm25,17-12-2025,55.46,µg/m³
6981,"Fort William, Kolkata - WBPCB",pm25,17-12-2025,55.46,µg/m³
6981,"Fort William, Kolkata - WBPCB",pm25,17-12-2025,55.46,µg/m³
6981,"Fort William, Kolkata - WBPCB",pm25,17-12-2025,52.97,µg/m³
6981,"Fort William, Kolkata - WBPCB",pm25,17-12-2025,51.9,µg/m³
6981,"Fort William, Kolkata - WBPCB",pm25,17-12-2025,51.9,µg/m³
6981,"Fort William, Kolkata - WBPCB",pm25,17-12-2025,51.9,µg/m³
6981,"Fort William, Kolkata - WBPCB",pm25,17-12-2025,49.51,µg/m³
6981,"Fort William, Kolkata - WBPCB",pm25,17-12-2025,48.49,µg/m³
6981,"Fort William, Kolkata - WBPCB",pm25,17-12-2025,48.49,µg/m³
6981,"Fort William, Kolkata - WBPCB",pm25,17-12-2025,48.49,µg/m³
6981,"Fort William, Kolkata - WBPCB",pm25,17-12-2025,45.63,µg/m³
6981,"Fort William, Kolkata - WBPCB",pm25,17-12-2025,44.4,µg/m³
6981,"Fort William, Kolkata - WBPCB",pm25,17-12-2025,44.4,µg/m³
6981,"Fort William, Kolkata - WBPCB",pm25,17-12-2025,44.27,µg/m³
6981,"Fort William, Kolkata - WBPCB",pm25,17-12-2025,44.21,µg/m³
6981,"Fort William, Kolkata - WBPCB",pm25,17-12-2025,44.21,µg/m³
6981,"Fort William, Kolkata - WBPCB",pm25,17-12-2025,44.21,µg/m³
6981,"Fort William, Kolkata - WBPCB",pm25,17-12-2025,46.68,µg/m³
6981,"Fort William, Kolkata - WBPCB",pm25,17-12-2025,46.68,µg/m³
6981,"Fort William, Kolkata - WBPCB",pm25,17-12-2025,46.68,µg/m³
6981,"Fort William, Kolkata - WBPCB",pm25,17-12-2025,51.5,µg/m³
6981,"Fort William, Kolkata - WBPCB",pm25,17-12-2025,53.56,µg/m³
6981,"Fort William, Kolkata - WBPCB",pm25,17-12-2025,53.56,µg/m³
6981,"Fort William, Kolkata - WBPCB",pm25,17-12-2025,53.56,µg/m³
6981,"Fort William, Kolkata - WBPCB",pm25,17-12-2025,64.53,µg/m³
6981,"Fort William, Kolkata - WBPCB",pm25,17-12-2025,69.23,µg/m³
6981,"Fort William, Kolkata - WBPCB",pm25,17-12-2025,69.23,µg/m³
6981,"Fort William, Kolkata - WBPCB",pm25,17-12-2025,69.23,µg/m³
6981,"Fort William, Kolkata - WBPCB",pm25,17-12-2025,75.05,µg/m³
6981,"Fort William, Kolkata - WBPCB",pm25,17-12-2025,77.54,µg/m³
6981,"Fort William, Kolkata - WBPCB",pm25,17-12-2025,77.54,µg/m³
6981,"Fort William, Kolkata - WBPCB",pm25,17-12-2025,77.54,µg/m³
6981,"Fort William, Kolkata - WBPCB",pm25,17-12-2025,83.11,µg/m³
6981,"Fort William, Kolkata - WBPCB",pm25,17-12-2025,85.5,µg/m³
6981,"Fort William, Kolkata - WBPCB",pm25,17-12-2025,85.5,µg/m³
6981,"Fort William, Kolkata - WBPCB",pm25,17-12-2025,85.5,µg/m³
6981,"Fort William, Kolkata - WBPCB",pm25,17-12-2025,85.64,µg/m³
6981,"Fort William, Kolkata - WBPCB",pm25,17-12-2025,85.71,µg/m³
6981,"Fort William, Kolkata - WBPCB",pm25,17-12-2025,85.71,µg/m³
6981,"Fort William, Kolkata - WBPCB",pm25,17-12-2025,85.71,µg/m³
6981,"Fort William, Kolkata - WBPCB",pm25,17-12-2025,81.01,µg/m³
6981,"Fort William, Kolkata - WBPCB",pm25,17-12-2025,78.99,µg/m³
6981,"Fort William, Kolkata - WBPCB",pm25,17-12-2025,78.99,µg/m³
6981,"Fort William, Kolkata - WBPCB",pm25,17-12-2025,68.18,µg/m³
6981,"Fort William, Kolkata - WBPCB",pm25,17-12-2025,64.33,µg/m³
6981,"Fort William, Kolkata - WBPCB",pm25,17-12-2025,62.68,µg/m³
6981,"Fort William, Kolkata - WBPCB",pm25,17-12-2025,62.68,µg/m³
6981,"Fort William, Kolkata - WBPCB",pm25,17-12-2025,62.68,µg/m³
6981,"Fort William, Kolkata - WBPCB",pm25,17-12-2025,61.02,µg/m³
6981,"Fort William, Kolkata - WBPCB",pm25,17-12-2025,60.31,µg/m³
6981,"Fort William, Kolkata - WBPCB",pm25,17-12-2025,60.31,µg/m³
6981,"Fort William, Kolkata - WBPCB",pm25,17-12-2025,56.22,µg/m³
6981,"Fort William, Kolkata - WBPCB",pm25,17-12-2025,54.47,µg/m³
6981,"Fort William, Kolkata - WBPCB",pm25,17-12-2025,54.47,µg/m³
6981,"Fort William, Kolkata - WBPCB",pm25,17-12-2025,54.47,µg/m³
6981,"Fort William, Kolkata - WBPCB",pm25,17-12-2025,57.98,µg/m³
6981,"Fort William, Kolkata - WBPCB",pm25,17-12-2025,59.48,µg/m³
6981,"Fort William, Kolkata - WBPCB",pm25,18-12-2025,59.48,µg/m³
6981,"Fort William, Kolkata - WBPCB",pm25,18-12-2025,59.48,µg/m³
6981,"Fort William, Kolkata - WBPCB",pm25,18-12-2025,61.01,µg/m³
6981,"Fort William, Kolkata - WBPCB",pm25,18-12-2025,61.67,µg/m³
6981,"Fort William, Kolkata - WBPCB",pm25,18-12-2025,61.67,µg/m³
6981,"Fort William, Kolkata - WBPCB",pm25,18-12-2025,61.67,µg/m³
6981,"Fort William, Kolkata - WBPCB",pm25,18-12-2025,63.97,µg/m³
6981,"Fort William, Kolkata - WBPCB",pm25,18-12-2025,64.96,µg/m³
6981,"Fort William, Kolkata - WBPCB",pm25,18-12-2025,64.96,µg/m³
6981,"Fort William, Kolkata - WBPCB",pm25,18-12-2025,64.96,µg/m³
6981,"Fort William, Kolkata - WBPCB",pm25,18-12-2025,65.4,µg/m³
6981,"Fort William, Kolkata - WBPCB",pm25,18-12-2025,65.69,µg/m³
6981,"Fort William, Kolkata - WBPCB",pm25,18-12-2025,65.69,µg/m³
6981,"Fort William, Kolkata - WBPCB",pm25,18-12-2025,65.69,µg/m³
6981,"Fort William, Kolkata - WBPCB",pm25,18-12-2025,68.24,µg/m³
6981,"Fort William, Kolkata - WBPCB",pm25,18-12-2025,69.33,µg/m³
6981,"Fort William, Kolkata - WBPCB",pm25,18-12-2025,69.33,µg/m³
6981,"Fort William, Kolkata - WBPCB",pm25,18-12-2025,66.62,µg/m³
6981,"Fort William, Kolkata - WBPCB",pm25,18-12-2025,65.46,µg/m³
6981,"Fort William, Kolkata - WBPCB",pm25,18-12-2025,65.46,µg/m³
6981,"Fort William, Kolkata - WBPCB",pm25,18-12-2025,65.46,µg/m³
6981,"Fort William, Kolkata - WBPCB",pm25,18-12-2025,60.68,µg/m³
6981,"Fort William, Kolkata - WBPCB",pm25,18-12-2025,58.63,µg/m³
6981,"Fort William, Kolkata - WBPCB",pm25,18-12-2025,58.63,µg/m³
6981,"Fort William, Kolkata - WBPCB",pm25,18-12-2025,58.63,µg/m³
6981,"Fort William, Kolkata - WBPCB",pm25,18-12-2025,48.95,µg/m³
6981,"Fort William, Kolkata - WBPCB",pm25,18-12-2025,44.81,µg/m³
6981,"Fort William, Kolkata - WBPCB",pm25,18-12-2025,44.81,µg/m³
6981,"Fort William, Kolkata - WBPCB",pm25,18-12-2025,44.81,µg/m³
6981,"Fort William, Kolkata - WBPCB",pm25,18-12-2025,35.66,µg/m³
6981,"Fort William, Kolkata - WBPCB",pm25,18-12-2025,31.73,µg/m³
6981,"Fort William, Kolkata - WBPCB",pm25,18-12-2025,31.73,µg/m³
6981,"Fort William, Kolkata - WBPCB",pm25,18-12-2025,31.73,µg/m³
6981,"Fort William, Kolkata - WBPCB",pm25,18-12-2025,32.71,µg/m³
6981,"Fort William, Kolkata - WBPCB",pm25,18-12-2025,33.13,µg/m³
6981,"Fort William, Kolkata - WBPCB",pm25,18-12-2025,33.13,µg/m³
6981,"Fort William, Kolkata - WBPCB",pm25,18-12-2025,33.13,µg/m³
6981,"Fort William, Kolkata - WBPCB",pm25,18-12-2025,30.45,µg/m³
6981,"Fort William, Kolkata - WBPCB",pm25,18-12-2025,31.33,µg/m³
6981,"Fort William, Kolkata - WBPCB",pm25,18-12-2025,31.33,µg/m³
6981,"Fort William, Kolkata - WBPCB",pm25,18-12-2025,31.33,µg/m³
6981,"Fort William, Kolkata - WBPCB",pm25,18-12-2025,36.03,µg/m³
6981,"Fort William, Kolkata - WBPCB",pm25,18-12-2025,38.04,µg/m³
6981,"Fort William, Kolkata - WBPCB",pm25,18-12-2025,38.04,µg/m³
6981,"Fort William, Kolkata - WBPCB",pm25,18-12-2025,43.76,µg/m³
6981,"Fort William, Kolkata - WBPCB",pm25,18-12-2025,46.21,µg/m³
6981,"Fort William, Kolkata - WBPCB",pm25,18-12-2025,46.21,µg/m³
6981,"Fort William, Kolkata - WBPCB",pm25,18-12-2025,46.21,µg/m³
6981,"Fort William, Kolkata - WBPCB",pm25,18-12-2025,55.32,µg/m³
6981,"Fort William, Kolkata - WBPCB",pm25,18-12-2025,59.22,µg/m³
6981,"Fort William, Kolkata - WBPCB",pm25,18-12-2025,59.22,µg/m³
6981,"Fort William, Kolkata - WBPCB",pm25,18-12-2025,59.22,µg/m³
6981,"Fort William, Kolkata - WBPCB",pm25,18-12-2025,66.27,µg/m³
6981,"Fort William, Kolkata - WBPCB",pm25,18-12-2025,69.3,µg/m³
6981,"Fort William, Kolkata - WBPCB",pm25,18-12-2025,69.3,µg/m³
6981,"Fort William, Kolkata - WBPCB",pm25,18-12-2025,79.7,µg/m³
6981,"Fort William, Kolkata - WBPCB",pm25,18-12-2025,84.16,µg/m³
6981,"Fort William, Kolkata - WBPCB",pm25,18-12-2025,84.16,µg/m³
6981,"Fort William, Kolkata - WBPCB",pm25,18-12-2025,84.16,µg/m³
6981,"Fort William, Kolkata - WBPCB",pm25,18-12-2025,91.51,µg/m³
6981,"Fort William, Kolkata - WBPCB",pm25,18-12-2025,91.51,µg/m³
6981,"Fort William, Kolkata - WBPCB",pm25,18-12-2025,73.51,µg/m³
6981,"Fort William, Kolkata - WBPCB",pm25,18-12-2025,64.25,µg/m³
6981,"Fort William, Kolkata - WBPCB",pm25,18-12-2025,60.29,µg/m³
6981,"Fort William, Kolkata - WBPCB",pm25,18-12-2025,60.29,µg/m³
6981,"Fort William, Kolkata - WBPCB",pm25,18-12-2025,60.29,µg/m³
6981,"Fort William, Kolkata - WBPCB",pm25,18-12-2025,58.17,µg/m³
6981,"Fort William, Kolkata - WBPCB",pm25,18-12-2025,57.26,µg/m³
6981,"Fort William, Kolkata - WBPCB",pm25,18-12-2025,57.26,µg/m³
6981,"Fort William, Kolkata - WBPCB",pm25,18-12-2025,57.26,µg/m³
6981,"Fort William, Kolkata - WBPCB",pm25,18-12-2025,51.16,µg/m³
6981,"Fort William, Kolkata - WBPCB",pm25,18-12-2025,48.55,µg/m³
6981,"Fort William, Kolkata - WBPCB",pm25,18-12-2025,48.55,µg/m³
6981,"Fort William, Kolkata - WBPCB",pm25,18-12-2025,48.55,µg/m³
6981,"Fort William, Kolkata - WBPCB",pm25,18-12-2025,50.89,µg/m³
6981,"Fort William, Kolkata - WBPCB",pm25,18-12-2025,51.89,µg/m³
6981,"Fort William, Kolkata - WBPCB",pm25,19-12-2025,51.89,µg/m³
6981,"Fort William, Kolkata - WBPCB",pm25,19-12-2025,51.89,µg/m³
6981,"Fort William, Kolkata - WBPCB",pm25,19-12-2025,50.5,µg/m³
6981,"Fort William, Kolkata - WBPCB",pm25,19-12-2025,49.9,µg/m³
6981,"Fort William, Kolkata - WBPCB",pm25,19-12-2025,49.9,µg/m³
6981,"Fort William, Kolkata - WBPCB",pm25,19-12-2025,49.9,µg/m³
6981,"Fort William, Kolkata - WBPCB",pm25,19-12-2025,50.66,µg/m³
6981,"Fort William, Kolkata - WBPCB",pm25,19-12-2025,50.99,µg/m³
6981,"Fort William, Kolkata - WBPCB",pm25,19-12-2025,50.99,µg/m³
6981,"Fort William, Kolkata - WBPCB",pm25,19-12-2025,50.99,µg/m³
6981,"Fort William, Kolkata - WBPCB",pm25,19-12-2025,48.47,µg/m³
6981,"Fort William, Kolkata - WBPCB",pm25,19-12-2025,47.39,µg/m³
6981,"Fort William, Kolkata - WBPCB",pm25,19-12-2025,47.39,µg/m³
6981,"Fort William, Kolkata - WBPCB",pm25,19-12-2025,47.39,µg/m³
6981,"Fort William, Kolkata - WBPCB",pm25,19-12-2025,50.56,µg/m³
6981,"Fort William, Kolkata - WBPCB",pm25,19-12-2025,51.92,µg/m³
6981,"Fort William, Kolkata - WBPCB",pm25,19-12-2025,51.92,µg/m³
6981,"Fort William, Kolkata - WBPCB",pm25,19-12-2025,51.92,µg/m³
6981,"Fort William, Kolkata - WBPCB",pm25,19-12-2025,51.85,µg/m³
6981,"Fort William, Kolkata - WBPCB",pm25,19-12-2025,51.82,µg/m³
6981,"Fort William, Kolkata - WBPCB",pm25,19-12-2025,51.82,µg/m³
6981,"Fort William, Kolkata - WBPCB",pm25,19-12-2025,51.82,µg/m³
6981,"Fort William, Kolkata - WBPCB",pm25,19-12-2025,51.68,µg/m³
6981,"Fort William, Kolkata - WBPCB",pm25,19-12-2025,51.62,µg/m³
6981,"Fort William, Kolkata - WBPCB",pm25,19-12-2025,51.62,µg/m³
6981,"Fort William, Kolkata - WBPCB",pm25,19-12-2025,51.62,µg/m³
6981,"Fort William, Kolkata - WBPCB",pm25,19-12-2025,47.78,µg/m³
6981,"Fort William, Kolkata - WBPCB",pm25,19-12-2025,46.13,µg/m³
6981,"Fort William, Kolkata - WBPCB",pm25,19-12-2025,46.13,µg/m³
6981,"Fort William, Kolkata - WBPCB",pm25,19-12-2025,46.13,µg/m³
6981,"Fort William, Kolkata - WBPCB",pm25,19-12-2025,39.08,µg/m³
6981,"Fort William, Kolkata - WBPCB",pm25,19-12-2025,39.08,µg/m³
6981,"Fort William, Kolkata - WBPCB",pm25,19-12-2025,39.08,µg/m³
6981,"Fort William, Kolkata - WBPCB",pm25,19-12-2025,37.31,µg/m³
6981,"Fort William, Kolkata - WBPCB",pm25,19-12-2025,36.55,µg/m³
6981,"Fort William, Kolkata - WBPCB",pm25,19-12-2025,36.55,µg/m³
6981,"Fort William, Kolkata - WBPCB",pm25,19-12-2025,36.55,µg/m³
6981,"Fort William, Kolkata - WBPCB",pm25,19-12-2025,32.96,µg/m³
6981,"Fort William, Kolkata - WBPCB",pm25,19-12-2025,31.42,µg/m³
6981,"Fort William, Kolkata - WBPCB",pm25,19-12-2025,31.42,µg/m³
6981,"Fort William, Kolkata - WBPCB",pm25,19-12-2025,31.42,µg/m³
6981,"Fort William, Kolkata - WBPCB",pm25,19-12-2025,31.68,µg/m³
6981,"Fort William, Kolkata - WBPCB",pm25,19-12-2025,31.8,µg/m³
6981,"Fort William, Kolkata - WBPCB",pm25,19-12-2025,31.8,µg/m³
6981,"Fort William, Kolkata - WBPCB",pm25,19-12-2025,33.34,µg/m³
6981,"Fort William, Kolkata - WBPCB",pm25,19-12-2025,34,µg/m³
6981,"Fort William, Kolkata - WBPCB",pm25,19-12-2025,34,µg/m³
6981,"Fort William, Kolkata - WBPCB",pm25,19-12-2025,34,µg/m³
6981,"Fort William, Kolkata - WBPCB",pm25,19-12-2025,34.7,µg/m³
6981,"Fort William, Kolkata - WBPCB",pm25,19-12-2025,35.01,µg/m³
6981,"Fort William, Kolkata - WBPCB",pm25,19-12-2025,35.01,µg/m³
6981,"Fort William, Kolkata - WBPCB",pm25,19-12-2025,35.01,µg/m³
6981,"Fort William, Kolkata - WBPCB",pm25,19-12-2025,41.23,µg/m³
6981,"Fort William, Kolkata - WBPCB",pm25,19-12-2025,43.9,µg/m³
6981,"Fort William, Kolkata - WBPCB",pm25,19-12-2025,43.9,µg/m³
6981,"Fort William, Kolkata - WBPCB",pm25,19-12-2025,43.9,µg/m³
6981,"Fort William, Kolkata - WBPCB",pm25,19-12-2025,48.08,µg/m³
6981,"Fort William, Kolkata - WBPCB",pm25,19-12-2025,49.87,µg/m³
6981,"Fort William, Kolkata - WBPCB",pm25,19-12-2025,49.87,µg/m³
6981,"Fort William, Kolkata - WBPCB",pm25,19-12-2025,49.87,µg/m³
6981,"Fort William, Kolkata - WBPCB",pm25,19-12-2025,58.32,µg/m³
6981,"Fort William, Kolkata - WBPCB",pm25,19-12-2025,61.95,µg/m³
6981,"Fort William, Kolkata - WBPCB",pm25,19-12-2025,61.95,µg/m³
6981,"Fort William, Kolkata - WBPCB",pm25,19-12-2025,61.95,µg/m³
6981,"Fort William, Kolkata - WBPCB",pm25,19-12-2025,61.14,µg/m³
6981,"Fort William, Kolkata - WBPCB",pm25,19-12-2025,60.8,µg/m³
6981,"Fort William, Kolkata - WBPCB",pm25,19-12-2025,60.8,µg/m³
6981,"Fort William, Kolkata - WBPCB",pm25,19-12-2025,60.8,µg/m³
6981,"Fort William, Kolkata - WBPCB",pm25,19-12-2025,61.27,µg/m³
6981,"Fort William, Kolkata - WBPCB",pm25,19-12-2025,61.48,µg/m³
6981,"Fort William, Kolkata - WBPCB",pm25,19-12-2025,61.48,µg/m³
6981,"Fort William, Kolkata - WBPCB",pm25,19-12-2025,56.4,µg/m³
6981,"Fort William, Kolkata - WBPCB",pm25,19-12-2025,58.04,µg/m³
6981,"Fort William, Kolkata - WBPCB",pm25,19-12-2025,58.75,µg/m³
6981,"Fort William, Kolkata - WBPCB",pm25,19-12-2025,58.75,µg/m³
6981,"Fort William, Kolkata - WBPCB",pm25,19-12-2025,58.75,µg/m³
6981,"Fort William, Kolkata - WBPCB",pm25,19-12-2025,56.48,µg/m³
6981,"Fort William, Kolkata - WBPCB",pm25,19-12-2025,55.51,µg/m³
6981,"Fort William, Kolkata - WBPCB",pm25,19-12-2025,55.51,µg/m³
6981,"Fort William, Kolkata - WBPCB",pm25,19-12-2025,55.51,µg/m³
6981,"Fort William, Kolkata - WBPCB",pm25,19-12-2025,54.26,µg/m³
6981,"Fort William, Kolkata - WBPCB",pm25,19-12-2025,53.73,µg/m³
6981,"Fort William, Kolkata - WBPCB",pm25,19-12-2025,53.73,µg/m³
6981,"Fort William, Kolkata - WBPCB",pm25,19-12-2025,53.73,µg/m³
6981,"Fort William, Kolkata - WBPCB",pm25,19-12-2025,52.64,µg/m³
6981,"Fort William, Kolkata - WBPCB",pm25,19-12-2025,52.17,µg/m³
6981,"Fort William, Kolkata - WBPCB",pm25,19-12-2025,52.17,µg/m³
6981,"Fort William, Kolkata - WBPCB",pm25,19-12-2025,52.17,µg/m³
6981,"Fort William, Kolkata - WBPCB",pm25,19-12-2025,53.29,µg/m³
6981,"Fort William, Kolkata - WBPCB",pm25,20-12-2025,53.01,µg/m³
6981,"Fort William, Kolkata - WBPCB",pm25,20-12-2025,53.01,µg/m³
6981,"Fort William, Kolkata - WBPCB",pm25,20-12-2025,52.33,µg/m³
6981,"Fort William, Kolkata - WBPCB",pm25,20-12-2025,52.03,µg/m³
6981,"Fort William, Kolkata - WBPCB",pm25,20-12-2025,52.03,µg/m³
6981,"Fort William, Kolkata - WBPCB",pm25,20-12-2025,52.03,µg/m³
6981,"Fort William, Kolkata - WBPCB",pm25,20-12-2025,54.01,µg/m³
6981,"Fort William, Kolkata - WBPCB",pm25,20-12-2025,54.86,µg/m³
6981,"Fort William, Kolkata - WBPCB",pm25,20-12-2025,54.86,µg/m³
6981,"Fort William, Kolkata - WBPCB",pm25,20-12-2025,54.86,µg/m³
6981,"Fort William, Kolkata - WBPCB",pm25,20-12-2025,59.35,µg/m³
6981,"Fort William, Kolkata - WBPCB",pm25,20-12-2025,61.28,µg/m³
6981,"Fort William, Kolkata - WBPCB",pm25,20-12-2025,61.28,µg/m³
6981,"Fort William, Kolkata - WBPCB",pm25,20-12-2025,61.28,µg/m³
6981,"Fort William, Kolkata - WBPCB",pm25,20-12-2025,61.44,µg/m³
6981,"Fort William, Kolkata - WBPCB",pm25,20-12-2025,61.51,µg/m³
6981,"Fort William, Kolkata - WBPCB",pm25,20-12-2025,61.51,µg/m³
6981,"Fort William, Kolkata - WBPCB",pm25,20-12-2025,61.51,µg/m³
6981,"Fort William, Kolkata - WBPCB",pm25,20-12-2025,60.66,µg/m³
6981,"Fort William, Kolkata - WBPCB",pm25,20-12-2025,60.3,µg/m³
6981,"Fort William, Kolkata - WBPCB",pm25,20-12-2025,60.3,µg/m³
6981,"Fort William, Kolkata - WBPCB",pm25,20-12-2025,60.3,µg/m³
6981,"Fort William, Kolkata - WBPCB",pm25,20-12-2025,60.09,µg/m³
6981,"Fort William, Kolkata - WBPCB",pm25,20-12-2025,60,µg/m³
6981,"Fort William, Kolkata - WBPCB",pm25,20-12-2025,60,µg/m³
6981,"Fort William, Kolkata - WBPCB",pm25,20-12-2025,60,µg/m³
6981,"Fort William, Kolkata - WBPCB",pm25,20-12-2025,60.11,µg/m³
6981,"Fort William, Kolkata - WBPCB",pm25,20-12-2025,60.11,µg/m³
6981,"Fort William, Kolkata - WBPCB",pm25,20-12-2025,60.11,µg/m³
6981,"Fort William, Kolkata - WBPCB",pm25,20-12-2025,63.94,µg/m³
6981,"Fort William, Kolkata - WBPCB",pm25,20-12-2025,65.58,µg/m³
6981,"Fort William, Kolkata - WBPCB",pm25,20-12-2025,65.58,µg/m³
6981,"Fort William, Kolkata - WBPCB",pm25,20-12-2025,63.37,µg/m³
6981,"Fort William, Kolkata - WBPCB",pm25,20-12-2025,62.42,µg/m³
6981,"Fort William, Kolkata - WBPCB",pm25,20-12-2025,62.42,µg/m³
6981,"Fort William, Kolkata - WBPCB",pm25,20-12-2025,62.42,µg/m³
6981,"Fort William, Kolkata - WBPCB",pm25,20-12-2025,61.4,µg/m³
6981,"Fort William, Kolkata - WBPCB",pm25,20-12-2025,60.96,µg/m³
6981,"Fort William, Kolkata - WBPCB",pm25,20-12-2025,60.96,µg/m³
6981,"Fort William, Kolkata - WBPCB",pm25,20-12-2025,61.71,µg/m³
6981,"Fort William, Kolkata - WBPCB",pm25,20-12-2025,62.03,µg/m³
6981,"Fort William, Kolkata - WBPCB",pm25,20-12-2025,62.03,µg/m³
6981,"Fort William, Kolkata - WBPCB",pm25,20-12-2025,64.4,µg/m³
6981,"Fort William, Kolkata - WBPCB",pm25,20-12-2025,65.42,µg/m³
6981,"Fort William, Kolkata - WBPCB",pm25,20-12-2025,65.42,µg/m³
6981,"Fort William, Kolkata - WBPCB",pm25,20-12-2025,65.42,µg/m³
6981,"Fort William, Kolkata - WBPCB",pm25,20-12-2025,69.35,µg/m³
6981,"Fort William, Kolkata - WBPCB",pm25,20-12-2025,69.35,µg/m³
6981,"Fort William, Kolkata - WBPCB",pm25,20-12-2025,71.31,µg/m³
6981,"Fort William, Kolkata - WBPCB",pm25,20-12-2025,72.15,µg/m³
6981,"Fort William, Kolkata - WBPCB",pm25,20-12-2025,72.15,µg/m³
6981,"Fort William, Kolkata - WBPCB",pm25,20-12-2025,73.72,µg/m³
6981,"Fort William, Kolkata - WBPCB",pm25,20-12-2025,74.39,µg/m³
6981,"Fort William, Kolkata - WBPCB",pm25,20-12-2025,74.39,µg/m³
6981,"Fort William, Kolkata - WBPCB",pm25,20-12-2025,74.39,µg/m³
6981,"Fort William, Kolkata - WBPCB",pm25,20-12-2025,76.56,µg/m³
6981,"Fort William, Kolkata - WBPCB",pm25,20-12-2025,76.56,µg/m³
6981,"Fort William, Kolkata - WBPCB",pm25,20-12-2025,76.56,µg/m³
6981,"Fort William, Kolkata - WBPCB",pm25,20-12-2025,77.02,µg/m³
6981,"Fort William, Kolkata - WBPCB",pm25,20-12-2025,77.21,µg/m³
6981,"Fort William, Kolkata - WBPCB",pm25,20-12-2025,77.21,µg/m³
6981,"Fort William, Kolkata - WBPCB",pm25,20-12-2025,70.76,µg/m³
6981,"Fort William, Kolkata - WBPCB",pm25,20-12-2025,77.26,µg/m³
6981,"Fort William, Kolkata - WBPCB",pm25,20-12-2025,80.2,µg/m³
6981,"Fort William, Kolkata - WBPCB",pm25,20-12-2025,80.2,µg/m³
6981,"Fort William, Kolkata - WBPCB",pm25,20-12-2025,80.2,µg/m³
6981,"Fort William, Kolkata - WBPCB",pm25,20-12-2025,78.43,µg/m³
6981,"Fort William, Kolkata - WBPCB",pm25,20-12-2025,77.66,µg/m³
6981,"Fort William, Kolkata - WBPCB",pm25,20-12-2025,77.66,µg/m³
6981,"Fort William, Kolkata - WBPCB",pm25,20-12-2025,77.66,µg/m³
6981,"Fort William, Kolkata - WBPCB",pm25,20-12-2025,74.83,µg/m³
6981,"Fort William, Kolkata - WBPCB",pm25,20-12-2025,73.62,µg/m³
6981,"Fort William, Kolkata - WBPCB",pm25,20-12-2025,73.62,µg/m³
6981,"Fort William, Kolkata - WBPCB",pm25,20-12-2025,73.62,µg/m³
6981,"Fort William, Kolkata - WBPCB",pm25,20-12-2025,72.26,µg/m³
6981,"Fort William, Kolkata - WBPCB",pm25,20-12-2025,71.65,µg/m³
6981,"Fort William, Kolkata - WBPCB",pm25,20-12-2025,71.65,µg/m³
6981,"Fort William, Kolkata - WBPCB",pm25,20-12-2025,71.65,µg/m³
6981,"Fort William, Kolkata - WBPCB",pm25,20-12-2025,71.07,µg/m³
6981,"Fort William, Kolkata - WBPCB",pm25,21-12-2025,71.07,µg/m³
6981,"Fort William, Kolkata - WBPCB",pm25,21-12-2025,71.07,µg/m³
6981,"Fort William, Kolkata - WBPCB",pm25,21-12-2025,71.13,µg/m³
6981,"Fort William, Kolkata - WBPCB",pm25,21-12-2025,71.15,µg/m³
6981,"Fort William, Kolkata - WBPCB",pm25,21-12-2025,71.15,µg/m³
6981,"Fort William, Kolkata - WBPCB",pm25,21-12-2025,69.91,µg/m³
6981,"Fort William, Kolkata - WBPCB",pm25,21-12-2025,69.38,µg/m³
6981,"Fort William, Kolkata - WBPCB",pm25,21-12-2025,69.38,µg/m³
6981,"Fort William, Kolkata - WBPCB",pm25,21-12-2025,69.38,µg/m³
6981,"Fort William, Kolkata - WBPCB",pm25,21-12-2025,67.4,µg/m³
6981,"Fort William, Kolkata - WBPCB",pm25,21-12-2025,66.56,µg/m³
6981,"Fort William, Kolkata - WBPCB",pm25,21-12-2025,66.56,µg/m³
6981,"Fort William, Kolkata - WBPCB",pm25,21-12-2025,66.56,µg/m³
6981,"Fort William, Kolkata - WBPCB",pm25,21-12-2025,68.05,µg/m³
6981,"Fort William, Kolkata - WBPCB",pm25,21-12-2025,68.72,µg/m³
6981,"Fort William, Kolkata - WBPCB",pm25,21-12-2025,68.72,µg/m³
6981,"Fort William, Kolkata - WBPCB",pm25,21-12-2025,68.72,µg/m³
6981,"Fort William, Kolkata - WBPCB",pm25,21-12-2025,68.71,µg/m³
6981,"Fort William, Kolkata - WBPCB",pm25,21-12-2025,68.71,µg/m³
6981,"Fort William, Kolkata - WBPCB",pm25,21-12-2025,68.71,µg/m³
6981,"Fort William, Kolkata - WBPCB",pm25,21-12-2025,68.43,µg/m³
6981,"Fort William, Kolkata - WBPCB",pm25,21-12-2025,68.31,µg/m³
6981,"Fort William, Kolkata - WBPCB",pm25,21-12-2025,68.31,µg/m³
6981,"Fort William, Kolkata - WBPCB",pm25,21-12-2025,68.31,µg/m³
6981,"Fort William, Kolkata - WBPCB",pm25,21-12-2025,69.82,µg/m³
6981,"Fort William, Kolkata - WBPCB",pm25,21-12-2025,69.82,µg/m³
6981,"Fort William, Kolkata - WBPCB",pm25,21-12-2025,69.82,µg/m³
6981,"Fort William, Kolkata - WBPCB",pm25,21-12-2025,71.4,µg/m³
6981,"Fort William, Kolkata - WBPCB",pm25,21-12-2025,72.07,µg/m³
6981,"Fort William, Kolkata - WBPCB",pm25,21-12-2025,72.07,µg/m³
6981,"Fort William, Kolkata - WBPCB",pm25,21-12-2025,72.07,µg/m³
6981,"Fort William, Kolkata - WBPCB",pm25,21-12-2025,72.66,µg/m³
6981,"Fort William, Kolkata - WBPCB",pm25,21-12-2025,72.92,µg/m³
6981,"Fort William, Kolkata - WBPCB",pm25,21-12-2025,72.92,µg/m³
6981,"Fort William, Kolkata - WBPCB",pm25,21-12-2025,72.92,µg/m³
6981,"Fort William, Kolkata - WBPCB",pm25,21-12-2025,68.18,µg/m³
6981,"Fort William, Kolkata - WBPCB",pm25,21-12-2025,66.15,µg/m³
6981,"Fort William, Kolkata - WBPCB",pm25,21-12-2025,66.15,µg/m³
6981,"Fort William, Kolkata - WBPCB",pm25,21-12-2025,66.15,µg/m³
6981,"Fort William, Kolkata - WBPCB",pm25,21-12-2025,64.75,µg/m³
6981,"Fort William, Kolkata - WBPCB",pm25,21-12-2025,64.15,µg/m³
6981,"Fort William, Kolkata - WBPCB",pm25,21-12-2025,64.15,µg/m³
6981,"Fort William, Kolkata - WBPCB",pm25,21-12-2025,64.15,µg/m³
6981,"Fort William, Kolkata - WBPCB",pm25,21-12-2025,66.92,µg/m³
6981,"Fort William, Kolkata - WBPCB",pm25,21-12-2025,68.11,µg/m³
6981,"Fort William, Kolkata - WBPCB",pm25,21-12-2025,68.11,µg/m³
6981,"Fort William, Kolkata - WBPCB",pm25,21-12-2025,68.11,µg/m³
6981,"Fort William, Kolkata - WBPCB",pm25,21-12-2025,70.05,µg/m³
6981,"Fort William, Kolkata - WBPCB",pm25,21-12-2025,70.89,µg/m³
6981,"Fort William, Kolkata - WBPCB",pm25,21-12-2025,70.89,µg/m³
6981,"Fort William, Kolkata - WBPCB",pm25,21-12-2025,70.89,µg/m³
6981,"Fort William, Kolkata - WBPCB",pm25,21-12-2025,72.04,µg/m³
6981,"Fort William, Kolkata - WBPCB",pm25,21-12-2025,72.54,µg/m³
6981,"Fort William, Kolkata - WBPCB",pm25,21-12-2025,72.54,µg/m³
6981,"Fort William, Kolkata - WBPCB",pm25,21-12-2025,72.54,µg/m³
6981,"Fort William, Kolkata - WBPCB",pm25,21-12-2025,73.04,µg/m³
6981,"Fort William, Kolkata - WBPCB",pm25,21-12-2025,73.26,µg/m³
6981,"Fort William, Kolkata - WBPCB",pm25,21-12-2025,73.26,µg/m³
6981,"Fort William, Kolkata - WBPCB",pm25,21-12-2025,73.26,µg/m³
6981,"Fort William, Kolkata - WBPCB",pm25,21-12-2025,74.38,µg/m³
6981,"Fort William, Kolkata - WBPCB",pm25,21-12-2025,74.86,µg/m³
6981,"Fort William, Kolkata - WBPCB",pm25,21-12-2025,74.86,µg/m³
6981,"Fort William, Kolkata - WBPCB",pm25,21-12-2025,74.86,µg/m³
6981,"Fort William, Kolkata - WBPCB",pm25,21-12-2025,70.8,µg/m³
6981,"Fort William, Kolkata - WBPCB",pm25,21-12-2025,69.05,µg/m³
6981,"Fort William, Kolkata - WBPCB",pm25,21-12-2025,69.05,µg/m³
6981,"Fort William, Kolkata - WBPCB",pm25,21-12-2025,69.05,µg/m³
6981,"Fort William, Kolkata - WBPCB",pm25,21-12-2025,63.36,µg/m³
6981,"Fort William, Kolkata - WBPCB",pm25,21-12-2025,60.93,µg/m³
6981,"Fort William, Kolkata - WBPCB",pm25,21-12-2025,60.93,µg/m³
6981,"Fort William, Kolkata - WBPCB",pm25,21-12-2025,53.51,µg/m³
6981,"Fort William, Kolkata - WBPCB",pm25,21-12-2025,52.86,µg/m³
6981,"Fort William, Kolkata - WBPCB",pm25,21-12-2025,52.57,µg/m³
6981,"Fort William, Kolkata - WBPCB",pm25,21-12-2025,52.57,µg/m³
6981,"Fort William, Kolkata - WBPCB",pm25,21-12-2025,52.57,µg/m³
6981,"Fort William, Kolkata - WBPCB",pm25,21-12-2025,49.5,µg/m³
6981,"Fort William, Kolkata - WBPCB",pm25,21-12-2025,48.18,µg/m³
6981,"Fort William, Kolkata - WBPCB",pm25,21-12-2025,48.18,µg/m³
6981,"Fort William, Kolkata - WBPCB",pm25,21-12-2025,48.18,µg/m³
6981,"Fort William, Kolkata - WBPCB",pm25,21-12-2025,46.14,µg/m³
6981,"Fort William, Kolkata - WBPCB",pm25,21-12-2025,45.26,µg/m³
6981,"Fort William, Kolkata - WBPCB",pm25,21-12-2025,45.26,µg/m³
6981,"Fort William, Kolkata - WBPCB",pm25,21-12-2025,45.26,µg/m³
6981,"Fort William, Kolkata - WBPCB",pm25,21-12-2025,43.33,µg/m³
6981,"Fort William, Kolkata - WBPCB",pm25,21-12-2025,42.5,µg/m³
6981,"Fort William, Kolkata - WBPCB",pm25,21-12-2025,42.5,µg/m³
6981,"Fort William, Kolkata - WBPCB",pm25,21-12-2025,42.5,µg/m³
6981,"Fort William, Kolkata - WBPCB",pm25,21-12-2025,42.13,µg/m³
6981,"Fort William, Kolkata - WBPCB",pm25,21-12-2025,41.97,µg/m³
6981,"Fort William, Kolkata - WBPCB",pm25,22-12-2025,41.97,µg/m³
6981,"Fort William, Kolkata - WBPCB",pm25,22-12-2025,42.52,µg/m³
6981,"Fort William, Kolkata - WBPCB",pm25,22-12-2025,42.79,µg/m³
6981,"Fort William, Kolkata - WBPCB",pm25,22-12-2025,42.91,µg/m³
6981,"Fort William, Kolkata - WBPCB",pm25,22-12-2025,42.91,µg/m³
6981,"Fort William, Kolkata - WBPCB",pm25,22-12-2025,42.91,µg/m³
6981,"Fort William, Kolkata - WBPCB",pm25,22-12-2025,44.99,µg/m³
6981,"Fort William, Kolkata - WBPCB",pm25,22-12-2025,45.88,µg/m³
6981,"Fort William, Kolkata - WBPCB",pm25,22-12-2025,45.88,µg/m³
6981,"Fort William, Kolkata - WBPCB",pm25,22-12-2025,45.88,µg/m³
6981,"Fort William, Kolkata - WBPCB",pm25,22-12-2025,47.17,µg/m³
6981,"Fort William, Kolkata - WBPCB",pm25,22-12-2025,47.72,µg/m³
6981,"Fort William, Kolkata - WBPCB",pm25,22-12-2025,47.72,µg/m³
6981,"Fort William, Kolkata - WBPCB",pm25,22-12-2025,47.72,µg/m³
6981,"Fort William, Kolkata - WBPCB",pm25,22-12-2025,49.28,µg/m³
6981,"Fort William, Kolkata - WBPCB",pm25,22-12-2025,49.95,µg/m³
6981,"Fort William, Kolkata - WBPCB",pm25,22-12-2025,49.95,µg/m³
6981,"Fort William, Kolkata - WBPCB",pm25,22-12-2025,49.95,µg/m³
6981,"Fort William, Kolkata - WBPCB",pm25,22-12-2025,52.86,µg/m³
6981,"Fort William, Kolkata - WBPCB",pm25,22-12-2025,52.86,µg/m³
6981,"Fort William, Kolkata - WBPCB",pm25,22-12-2025,52.86,µg/m³
6981,"Fort William, Kolkata - WBPCB",pm25,22-12-2025,52.25,µg/m³
6981,"Fort William, Kolkata - WBPCB",pm25,22-12-2025,5.46,µg/m³
6981,"Fort William, Kolkata - WBPCB",pm25,22-12-2025,5.46,µg/m³
6981,"Fort William, Kolkata - WBPCB",pm25,22-12-2025,5.46,µg/m³
6981,"Fort William, Kolkata - WBPCB",pm25,22-12-2025,16.46,µg/m³
6981,"Fort William, Kolkata - WBPCB",pm25,22-12-2025,76.15,µg/m³
6981,"Fort William, Kolkata - WBPCB",pm25,22-12-2025,76.15,µg/m³
6981,"Fort William, Kolkata - WBPCB",pm25,22-12-2025,76.15,µg/m³
6981,"Fort William, Kolkata - WBPCB",pm25,22-12-2025,75.54,µg/m³
6981,"Fort William, Kolkata - WBPCB",pm25,22-12-2025,72.21,µg/m³
6981,"Fort William, Kolkata - WBPCB",pm25,22-12-2025,72.21,µg/m³
6981,"Fort William, Kolkata - WBPCB",pm25,22-12-2025,72.21,µg/m³
6981,"Fort William, Kolkata - WBPCB",pm25,22-12-2025,71.2,µg/m³
6981,"Fort William, Kolkata - WBPCB",pm25,22-12-2025,65.72,µg/m³
6981,"Fort William, Kolkata - WBPCB",pm25,22-12-2025,65.72,µg/m³
6981,"Fort William, Kolkata - WBPCB",pm25,22-12-2025,65.72,µg/m³
6981,"Fort William, Kolkata - WBPCB",pm25,22-12-2025,65.23,µg/m³
6981,"Fort William, Kolkata - WBPCB",pm25,22-12-2025,62.57,µg/m³
6981,"Fort William, Kolkata - WBPCB",pm25,22-12-2025,62.57,µg/m³
6981,"Fort William, Kolkata - WBPCB",pm25,22-12-2025,60.31,µg/m³
6981,"Fort William, Kolkata - WBPCB",pm25,22-12-2025,60.31,µg/m³
6981,"Fort William, Kolkata - WBPCB",pm25,22-12-2025,60.31,µg/m³
6981,"Fort William, Kolkata - WBPCB",pm25,22-12-2025,60.78,µg/m³
6981,"Fort William, Kolkata - WBPCB",pm25,22-12-2025,63.32,µg/m³
6981,"Fort William, Kolkata - WBPCB",pm25,22-12-2025,63.32,µg/m³
6981,"Fort William, Kolkata - WBPCB",pm25,22-12-2025,63.32,µg/m³
6981,"Fort William, Kolkata - WBPCB",pm25,22-12-2025,63.49,µg/m³
6981,"Fort William, Kolkata - WBPCB",pm25,22-12-2025,64.37,µg/m³
6981,"Fort William, Kolkata - WBPCB",pm25,22-12-2025,64.37,µg/m³
6981,"Fort William, Kolkata - WBPCB",pm25,22-12-2025,64.37,µg/m³
6981,"Fort William, Kolkata - WBPCB",pm25,22-12-2025,65.68,µg/m³
6981,"Fort William, Kolkata - WBPCB",pm25,22-12-2025,72.81,µg/m³
6981,"Fort William, Kolkata - WBPCB",pm25,22-12-2025,72.81,µg/m³
6981,"Fort William, Kolkata - WBPCB",pm25,22-12-2025,72.81,µg/m³
6981,"Fort William, Kolkata - WBPCB",pm25,22-12-2025,74.99,µg/m³
6981,"Fort William, Kolkata - WBPCB",pm25,22-12-2025,86.78,µg/m³
6981,"Fort William, Kolkata - WBPCB",pm25,22-12-2025,86.78,µg/m³
6981,"Fort William, Kolkata - WBPCB",pm25,22-12-2025,86.78,µg/m³
6981,"Fort William, Kolkata - WBPCB",pm25,22-12-2025,88.2,µg/m³
6981,"Fort William, Kolkata - WBPCB",pm25,22-12-2025,95.9,µg/m³
6981,"Fort William, Kolkata - WBPCB",pm25,22-12-2025,95.9,µg/m³
6981,"Fort William, Kolkata - WBPCB",pm25,22-12-2025,101.4,µg/m³
6981,"Fort William, Kolkata - WBPCB",pm25,22-12-2025,108.09,µg/m³
6981,"Fort William, Kolkata - WBPCB",pm25,22-12-2025,108.09,µg/m³
6981,"Fort William, Kolkata - WBPCB",pm25,22-12-2025,108.09,µg/m³
6981,"Fort William, Kolkata - WBPCB",pm25,22-12-2025,106.41,µg/m³
6981,"Fort William, Kolkata - WBPCB",pm25,22-12-2025,97.28,µg/m³
6981,"Fort William, Kolkata - WBPCB",pm25,22-12-2025,97.28,µg/m³
6981,"Fort William, Kolkata - WBPCB",pm25,22-12-2025,97.28,µg/m³
6981,"Fort William, Kolkata - WBPCB",pm25,22-12-2025,94.68,µg/m³
6981,"Fort William, Kolkata - WBPCB",pm25,22-12-2025,80.6,µg/m³
6981,"Fort William, Kolkata - WBPCB",pm25,22-12-2025,80.6,µg/m³
6981,"Fort William, Kolkata - WBPCB",pm25,22-12-2025,80.6,µg/m³
6981,"Fort William, Kolkata - WBPCB",pm25,22-12-2025,78.45,µg/m³
6981,"Fort William, Kolkata - WBPCB",pm25,22-12-2025,66.77,µg/m³
6981,"Fort William, Kolkata - WBPCB",pm25,22-12-2025,66.77,µg/m³
6981,"Fort William, Kolkata - WBPCB",pm25,22-12-2025,66.77,µg/m³
6981,"Fort William, Kolkata - WBPCB",pm25,22-12-2025,66.28,µg/m³
6981,"Fort William, Kolkata - WBPCB",pm25,22-12-2025,63.64,µg/m³
6981,"Fort William, Kolkata - WBPCB",pm25,22-12-2025,63.64,µg/m³
6981,"Fort William, Kolkata - WBPCB",pm25,23-12-2025,63.64,µg/m³
6981,"Fort William, Kolkata - WBPCB",pm25,23-12-2025,63.42,µg/m³
6981,"Fort William, Kolkata - WBPCB",pm25,23-12-2025,62.21,µg/m³
6981,"Fort William, Kolkata - WBPCB",pm25,23-12-2025,62.21,µg/m³
6981,"Fort William, Kolkata - WBPCB",pm25,23-12-2025,62.21,µg/m³
6981,"Fort William, Kolkata - WBPCB",pm25,23-12-2025,61.78,µg/m³
6981,"Fort William, Kolkata - WBPCB",pm25,23-12-2025,59.46,µg/m³
6981,"Fort William, Kolkata - WBPCB",pm25,23-12-2025,59.46,µg/m³
6981,"Fort William, Kolkata - WBPCB",pm25,23-12-2025,59.29,µg/m³
6981,"Fort William, Kolkata - WBPCB",pm25,23-12-2025,58.41,µg/m³
6981,"Fort William, Kolkata - WBPCB",pm25,23-12-2025,58.41,µg/m³
6981,"Fort William, Kolkata - WBPCB",pm25,23-12-2025,58.41,µg/m³
6981,"Fort William, Kolkata - WBPCB",pm25,23-12-2025,59.05,µg/m³
6981,"Fort William, Kolkata - WBPCB",pm25,23-12-2025,62.55,µg/m³
6981,"Fort William, Kolkata - WBPCB",pm25,23-12-2025,62.55,µg/m³
6981,"Fort William, Kolkata - WBPCB",pm25,23-12-2025,62.55,µg/m³
6981,"Fort William, Kolkata - WBPCB",pm25,23-12-2025,63.01,µg/m³
6981,"Fort William, Kolkata - WBPCB",pm25,23-12-2025,65.51,µg/m³
6981,"Fort William, Kolkata - WBPCB",pm25,23-12-2025,65.51,µg/m³
6981,"Fort William, Kolkata - WBPCB",pm25,23-12-2025,65.51,µg/m³
6981,"Fort William, Kolkata - WBPCB",pm25,23-12-2025,65.44,µg/m³
6981,"Fort William, Kolkata - WBPCB",pm25,23-12-2025,65.04,µg/m³
6981,"Fort William, Kolkata - WBPCB",pm25,23-12-2025,65.04,µg/m³
6981,"Fort William, Kolkata - WBPCB",pm25,23-12-2025,65.04,µg/m³
6981,"Fort William, Kolkata - WBPCB",pm25,23-12-2025,64.19,µg/m³
6981,"Fort William, Kolkata - WBPCB",pm25,23-12-2025,59.58,µg/m³
6981,"Fort William, Kolkata - WBPCB",pm25,23-12-2025,59.58,µg/m³
6981,"Fort William, Kolkata - WBPCB",pm25,23-12-2025,59.58,µg/m³
6981,"Fort William, Kolkata - WBPCB",pm25,23-12-2025,58.44,µg/m³
6981,"Fort William, Kolkata - WBPCB",pm25,23-12-2025,52.25,µg/m³
6981,"Fort William, Kolkata - WBPCB",pm25,23-12-2025,52.25,µg/m³
6981,"Fort William, Kolkata - WBPCB",pm25,23-12-2025,52.25,µg/m³
6981,"Fort William, Kolkata - WBPCB",pm25,23-12-2025,51.08,µg/m³
6981,"Fort William, Kolkata - WBPCB",pm25,23-12-2025,44.69,µg/m³
6981,"Fort William, Kolkata - WBPCB",pm25,23-12-2025,44.69,µg/m³
6981,"Fort William, Kolkata - WBPCB",pm25,23-12-2025,44.69,µg/m³
6981,"Fort William, Kolkata - WBPCB",pm25,23-12-2025,43.53,µg/m³
6981,"Fort William, Kolkata - WBPCB",pm25,23-12-2025,37.23,µg/m³
6981,"Fort William, Kolkata - WBPCB",pm25,23-12-2025,37.23,µg/m³
6981,"Fort William, Kolkata - WBPCB",pm25,23-12-2025,37.23,µg/m³
6981,"Fort William, Kolkata - WBPCB",pm25,23-12-2025,37.06,µg/m³
6981,"Fort William, Kolkata - WBPCB",pm25,23-12-2025,36.16,µg/m³
6981,"Fort William, Kolkata - WBPCB",pm25,23-12-2025,36.16,µg/m³
6981,"Fort William, Kolkata - WBPCB",pm25,23-12-2025,36.96,µg/m³
6981,"Fort William, Kolkata - WBPCB",pm25,23-12-2025,41.3,µg/m³
6981,"Fort William, Kolkata - WBPCB",pm25,23-12-2025,41.3,µg/m³
6981,"Fort William, Kolkata - WBPCB",pm25,23-12-2025,41.3,µg/m³
6981,"Fort William, Kolkata - WBPCB",pm25,23-12-2025,44.57,µg/m³
6981,"Fort William, Kolkata - WBPCB",pm25,23-12-2025,62.33,µg/m³
6981,"Fort William, Kolkata - WBPCB",pm25,23-12-2025,62.33,µg/m³
6981,"Fort William, Kolkata - WBPCB",pm25,23-12-2025,62.33,µg/m³
6981,"Fort William, Kolkata - WBPCB",pm25,23-12-2025,71.56,µg/m³
6981,"Fort William, Kolkata - WBPCB",pm25,23-12-2025,71.56,µg/m³
6981,"Fort William, Kolkata - WBPCB",pm25,23-12-2025,71.56,µg/m³
6981,"Fort William, Kolkata - WBPCB",pm25,23-12-2025,92.76,µg/m³
6981,"Fort William, Kolkata - WBPCB",pm25,23-12-2025,92.76,µg/m³
6981,"Fort William, Kolkata - WBPCB",pm25,23-12-2025,92.76,µg/m³
6981,"Fort William, Kolkata - WBPCB",pm25,23-12-2025,92.36,µg/m³
6981,"Fort William, Kolkata - WBPCB",pm25,23-12-2025,90.15,µg/m³
6981,"Fort William, Kolkata - WBPCB",pm25,23-12-2025,90.15,µg/m³
6981,"Fort William, Kolkata - WBPCB",pm25,23-12-2025,90.15,µg/m³
6981,"Fort William, Kolkata - WBPCB",pm25,23-12-2025,91.42,µg/m³
6981,"Fort William, Kolkata - WBPCB",pm25,23-12-2025,98.29,µg/m³
6981,"Fort William, Kolkata - WBPCB",pm25,23-12-2025,98.29,µg/m³
6981,"Fort William, Kolkata - WBPCB",pm25,23-12-2025,98.29,µg/m³
6981,"Fort William, Kolkata - WBPCB",pm25,23-12-2025,99.27,µg/m³
6981,"Fort William, Kolkata - WBPCB",pm25,23-12-2025,115.14,µg/m³
6981,"Fort William, Kolkata - WBPCB",pm25,23-12-2025,111.75,µg/m³
6981,"Fort William, Kolkata - WBPCB",pm25,23-12-2025,111.75,µg/m³
6981,"Fort William, Kolkata - WBPCB",pm25,23-12-2025,111.75,µg/m³
6981,"Fort William, Kolkata - WBPCB",pm25,23-12-2025,107.99,µg/m³
6981,"Fort William, Kolkata - WBPCB",pm25,23-12-2025,87.56,µg/m³
6981,"Fort William, Kolkata - WBPCB",pm25,23-12-2025,87.56,µg/m³
6981,"Fort William, Kolkata - WBPCB",pm25,23-12-2025,87.56,µg/m³
6981,"Fort William, Kolkata - WBPCB",pm25,23-12-2025,85.51,µg/m³
6981,"Fort William, Kolkata - WBPCB",pm25,23-12-2025,74.37,µg/m³
6981,"Fort William, Kolkata - WBPCB",pm25,23-12-2025,74.37,µg/m³
6981,"Fort William, Kolkata - WBPCB",pm25,23-12-2025,74.37,µg/m³
6981,"Fort William, Kolkata - WBPCB",pm25,23-12-2025,73.09,µg/m³
6981,"Fort William, Kolkata - WBPCB",pm25,23-12-2025,66.16,µg/m³
6981,"Fort William, Kolkata - WBPCB",pm25,23-12-2025,66.16,µg/m³
6981,"Fort William, Kolkata - WBPCB",pm25,23-12-2025,66.16,µg/m³
6981,"Fort William, Kolkata - WBPCB",pm25,23-12-2025,65.64,µg/m³
6981,"Fort William, Kolkata - WBPCB",pm25,23-12-2025,62.8,µg/m³
6981,"Fort William, Kolkata - WBPCB",pm25,23-12-2025,62.8,µg/m³
6981,"Fort William, Kolkata - WBPCB",pm25,24-12-2025,62.8,µg/m³
6981,"Fort William, Kolkata - WBPCB",pm25,24-12-2025,62.33,µg/m³
6981,"Fort William, Kolkata - WBPCB",pm25,24-12-2025,59.76,µg/m³
6981,"Fort William, Kolkata - WBPCB",pm25,24-12-2025,59.76,µg/m³
6981,"Fort William, Kolkata - WBPCB",pm25,24-12-2025,59.76,µg/m³
6981,"Fort William, Kolkata - WBPCB",pm25,24-12-2025,60.62,µg/m³
6981,"Fort William, Kolkata - WBPCB",pm25,24-12-2025,65.25,µg/m³
6981,"Fort William, Kolkata - WBPCB",pm25,24-12-2025,65.25,µg/m³
6981,"Fort William, Kolkata - WBPCB",pm25,24-12-2025,65.25,µg/m³
6981,"Fort William, Kolkata - WBPCB",pm25,24-12-2025,65.16,µg/m³
6981,"Fort William, Kolkata - WBPCB",pm25,24-12-2025,64.68,µg/m³
6981,"Fort William, Kolkata - WBPCB",pm25,24-12-2025,64.68,µg/m³
6981,"Fort William, Kolkata - WBPCB",pm25,24-12-2025,64.68,µg/m³
6981,"Fort William, Kolkata - WBPCB",pm25,24-12-2025,66.34,µg/m³
6981,"Fort William, Kolkata - WBPCB",pm25,24-12-2025,75.38,µg/m³
6981,"Fort William, Kolkata - WBPCB",pm25,24-12-2025,75.38,µg/m³
6981,"Fort William, Kolkata - WBPCB",pm25,24-12-2025,76.35,µg/m³
6981,"Fort William, Kolkata - WBPCB",pm25,24-12-2025,81.58,µg/m³
6981,"Fort William, Kolkata - WBPCB",pm25,24-12-2025,81.58,µg/m³
6981,"Fort William, Kolkata - WBPCB",pm25,24-12-2025,81.67,µg/m³
6981,"Fort William, Kolkata - WBPCB",pm25,24-12-2025,82.16,µg/m³
6981,"Fort William, Kolkata - WBPCB",pm25,24-12-2025,79.46,µg/m³
6981,"Fort William, Kolkata - WBPCB",pm25,24-12-2025,79.46,µg/m³
6981,"Fort William, Kolkata - WBPCB",pm25,24-12-2025,79.46,µg/m³
6981,"Fort William, Kolkata - WBPCB",pm25,24-12-2025,68.96,µg/m³
6981,"Fort William, Kolkata - WBPCB",pm25,24-12-2025,69.19,µg/m³
6981,"Fort William, Kolkata - WBPCB",pm25,24-12-2025,69.19,µg/m³
6981,"Fort William, Kolkata - WBPCB",pm25,24-12-2025,69.19,µg/m³
6981,"Fort William, Kolkata - WBPCB",pm25,24-12-2025,69.15,µg/m³
6981,"Fort William, Kolkata - WBPCB",pm25,24-12-2025,68.97,µg/m³
6981,"Fort William, Kolkata - WBPCB",pm25,24-12-2025,68.97,µg/m³
6981,"Fort William, Kolkata - WBPCB",pm25,24-12-2025,68.97,µg/m³
6981,"Fort William, Kolkata - WBPCB",pm25,24-12-2025,70.23,µg/m³
6981,"Fort William, Kolkata - WBPCB",pm25,24-12-2025,77.02,µg/m³
6981,"Fort William, Kolkata - WBPCB",pm25,24-12-2025,77.02,µg/m³
6981,"Fort William, Kolkata - WBPCB",pm25,24-12-2025,77.02,µg/m³
6981,"Fort William, Kolkata - WBPCB",pm25,24-12-2025,76.83,µg/m³
6981,"Fort William, Kolkata - WBPCB",pm25,24-12-2025,75.79,µg/m³
6981,"Fort William, Kolkata - WBPCB",pm25,24-12-2025,75.79,µg/m³
6981,"Fort William, Kolkata - WBPCB",pm25,24-12-2025,75.79,µg/m³
6981,"Fort William, Kolkata - WBPCB",pm25,24-12-2025,75.08,µg/m³
6981,"Fort William, Kolkata - WBPCB",pm25,24-12-2025,71.53,µg/m³
6981,"Fort William, Kolkata - WBPCB",pm25,24-12-2025,71.53,µg/m³
6981,"Fort William, Kolkata - WBPCB",pm25,24-12-2025,71.53,µg/m³
6981,"Fort William, Kolkata - WBPCB",pm25,24-12-2025,72.03,µg/m³
6981,"Fort William, Kolkata - WBPCB",pm25,24-12-2025,74.76,µg/m³
6981,"Fort William, Kolkata - WBPCB",pm25,24-12-2025,74.76,µg/m³
6981,"Fort William, Kolkata - WBPCB",pm25,24-12-2025,74.76,µg/m³
6981,"Fort William, Kolkata - WBPCB",pm25,24-12-2025,75.17,µg/m³
6981,"Fort William, Kolkata - WBPCB",pm25,24-12-2025,77.39,µg/m³
6981,"Fort William, Kolkata - WBPCB",pm25,24-12-2025,77.39,µg/m³
6981,"Fort William, Kolkata - WBPCB",pm25,24-12-2025,77.39,µg/m³
6981,"Fort William, Kolkata - WBPCB",pm25,24-12-2025,78.48,µg/m³
6981,"Fort William, Kolkata - WBPCB",pm25,24-12-2025,83.88,µg/m³
6981,"Fort William, Kolkata - WBPCB",pm25,24-12-2025,83.88,µg/m³
6981,"Fort William, Kolkata - WBPCB",pm25,24-12-2025,83.88,µg/m³
6981,"Fort William, Kolkata - WBPCB",pm25,24-12-2025,83.31,µg/m³
6981,"Fort William, Kolkata - WBPCB",pm25,24-12-2025,80.2,µg/m³
6981,"Fort William, Kolkata - WBPCB",pm25,24-12-2025,80.2,µg/m³
6981,"Fort William, Kolkata - WBPCB",pm25,24-12-2025,80.2,µg/m³
6981,"Fort William, Kolkata - WBPCB",pm25,24-12-2025,77.56,µg/m³
6981,"Fort William, Kolkata - WBPCB",pm25,24-12-2025,77.07,µg/m³
6981,"Fort William, Kolkata - WBPCB",pm25,24-12-2025,77.07,µg/m³
6981,"Fort William, Kolkata - WBPCB",pm25,24-12-2025,77.07,µg/m³
6981,"Fort William, Kolkata - WBPCB",pm25,24-12-2025,77.17,µg/m³
6981,"Fort William, Kolkata - WBPCB",pm25,24-12-2025,77.66,µg/m³
6981,"Fort William, Kolkata - WBPCB",pm25,24-12-2025,77.66,µg/m³
6981,"Fort William, Kolkata - WBPCB",pm25,24-12-2025,77.66,µg/m³
6981,"Fort William, Kolkata - WBPCB",pm25,24-12-2025,77.78,µg/m³
6981,"Fort William, Kolkata - WBPCB",pm25,24-12-2025,78.4,µg/m³
6981,"Fort William, Kolkata - WBPCB",pm25,24-12-2025,78.4,µg/m³
6981,"Fort William, Kolkata - WBPCB",pm25,24-12-2025,78.4,µg/m³
6981,"Fort William, Kolkata - WBPCB",pm25,24-12-2025,78.25,µg/m³
6981,"Fort William, Kolkata - WBPCB",pm25,24-12-2025,77.41,µg/m³
6981,"Fort William, Kolkata - WBPCB",pm25,24-12-2025,77.41,µg/m³
6981,"Fort William, Kolkata - WBPCB",pm25,24-12-2025,77.41,µg/m³
6981,"Fort William, Kolkata - WBPCB",pm25,24-12-2025,76.84,µg/m³
6981,"Fort William, Kolkata - WBPCB",pm25,24-12-2025,73.75,µg/m³
6981,"Fort William, Kolkata - WBPCB",pm25,24-12-2025,73.75,µg/m³
6981,"Fort William, Kolkata - WBPCB",pm25,25-12-2025,72.91,µg/m³
6981,"Fort William, Kolkata - WBPCB",pm25,25-12-2025,68.32,µg/m³
6981,"Fort William, Kolkata - WBPCB",pm25,25-12-2025,68.32,µg/m³
6981,"Fort William, Kolkata - WBPCB",pm25,25-12-2025,68.32,µg/m³
6981,"Fort William, Kolkata - WBPCB",pm25,25-12-2025,68.27,µg/m³
6981,"Fort William, Kolkata - WBPCB",pm25,25-12-2025,67.98,µg/m³
6981,"Fort William, Kolkata - WBPCB",pm25,25-12-2025,67.98,µg/m³
6981,"Fort William, Kolkata - WBPCB",pm25,25-12-2025,67.98,µg/m³
6981,"Fort William, Kolkata - WBPCB",pm25,25-12-2025,67.85,µg/m³
6981,"Fort William, Kolkata - WBPCB",pm25,25-12-2025,67.13,µg/m³
6981,"Fort William, Kolkata - WBPCB",pm25,25-12-2025,67.13,µg/m³
6981,"Fort William, Kolkata - WBPCB",pm25,25-12-2025,67.13,µg/m³
6981,"Fort William, Kolkata - WBPCB",pm25,25-12-2025,66.59,µg/m³
6981,"Fort William, Kolkata - WBPCB",pm25,25-12-2025,63.61,µg/m³
6981,"Fort William, Kolkata - WBPCB",pm25,25-12-2025,63.61,µg/m³
6981,"Fort William, Kolkata - WBPCB",pm25,25-12-2025,63.61,µg/m³
6981,"Fort William, Kolkata - WBPCB",pm25,25-12-2025,64.05,µg/m³
6981,"Fort William, Kolkata - WBPCB",pm25,25-12-2025,66.45,µg/m³
6981,"Fort William, Kolkata - WBPCB",pm25,25-12-2025,66.45,µg/m³
6981,"Fort William, Kolkata - WBPCB",pm25,25-12-2025,66.45,µg/m³
6981,"Fort William, Kolkata - WBPCB",pm25,25-12-2025,66.38,µg/m³
6981,"Fort William, Kolkata - WBPCB",pm25,25-12-2025,65.98,µg/m³
6981,"Fort William, Kolkata - WBPCB",pm25,25-12-2025,65.98,µg/m³
6981,"Fort William, Kolkata - WBPCB",pm25,25-12-2025,65.98,µg/m³
6981,"Fort William, Kolkata - WBPCB",pm25,25-12-2025,65.62,µg/m³
6981,"Fort William, Kolkata - WBPCB",pm25,25-12-2025,63.64,µg/m³
6981,"Fort William, Kolkata - WBPCB",pm25,25-12-2025,63.64,µg/m³
6981,"Fort William, Kolkata - WBPCB",pm25,25-12-2025,63.64,µg/m³
6981,"Fort William, Kolkata - WBPCB",pm25,25-12-2025,64.04,µg/m³
6981,"Fort William, Kolkata - WBPCB",pm25,25-12-2025,66.2,µg/m³
6981,"Fort William, Kolkata - WBPCB",pm25,25-12-2025,66.2,µg/m³
6981,"Fort William, Kolkata - WBPCB",pm25,25-12-2025,66.2,µg/m³
6981,"Fort William, Kolkata - WBPCB",pm25,25-12-2025,58.39,µg/m³
6981,"Fort William, Kolkata - WBPCB",pm25,25-12-2025,58.39,µg/m³
6981,"Fort William, Kolkata - WBPCB",pm25,25-12-2025,58.39,µg/m³
6981,"Fort William, Kolkata - WBPCB",pm25,25-12-2025,58.4,µg/m³
6981,"Fort William, Kolkata - WBPCB",pm25,25-12-2025,58.47,µg/m³
6981,"Fort William, Kolkata - WBPCB",pm25,25-12-2025,58.47,µg/m³
6981,"Fort William, Kolkata - WBPCB",pm25,25-12-2025,58.47,µg/m³
6981,"Fort William, Kolkata - WBPCB",pm25,25-12-2025,57.64,µg/m³
6981,"Fort William, Kolkata - WBPCB",pm25,25-12-2025,53.12,µg/m³
6981,"Fort William, Kolkata - WBPCB",pm25,25-12-2025,53.12,µg/m³
6981,"Fort William, Kolkata - WBPCB",pm25,25-12-2025,53.12,µg/m³
6981,"Fort William, Kolkata - WBPCB",pm25,25-12-2025,53.76,µg/m³
6981,"Fort William, Kolkata - WBPCB",pm25,25-12-2025,57.22,µg/m³
6981,"Fort William, Kolkata - WBPCB",pm25,25-12-2025,57.22,µg/m³
6981,"Fort William, Kolkata - WBPCB",pm25,25-12-2025,57.22,µg/m³
6981,"Fort William, Kolkata - WBPCB",pm25,25-12-2025,57.3,µg/m³
6981,"Fort William, Kolkata - WBPCB",pm25,25-12-2025,57.74,µg/m³
6981,"Fort William, Kolkata - WBPCB",pm25,25-12-2025,57.74,µg/m³
6981,"Fort William, Kolkata - WBPCB",pm25,25-12-2025,57.74,µg/m³
6981,"Fort William, Kolkata - WBPCB",pm25,25-12-2025,59.02,µg/m³
6981,"Fort William, Kolkata - WBPCB",pm25,25-12-2025,65.96,µg/m³
6981,"Fort William, Kolkata - WBPCB",pm25,25-12-2025,65.96,µg/m³
6981,"Fort William, Kolkata - WBPCB",pm25,25-12-2025,65.96,µg/m³
6981,"Fort William, Kolkata - WBPCB",pm25,25-12-2025,67.07,µg/m³
6981,"Fort William, Kolkata - WBPCB",pm25,25-12-2025,73.13,µg/m³
6981,"Fort William, Kolkata - WBPCB",pm25,25-12-2025,73.13,µg/m³
6981,"Fort William, Kolkata - WBPCB",pm25,25-12-2025,73.13,µg/m³
6981,"Fort William, Kolkata - WBPCB",pm25,25-12-2025,73.93,µg/m³
6981,"Fort William, Kolkata - WBPCB",pm25,25-12-2025,78.26,µg/m³
6981,"Fort William, Kolkata - WBPCB",pm25,25-12-2025,78.26,µg/m³
6981,"Fort William, Kolkata - WBPCB",pm25,25-12-2025,78.26,µg/m³
6981,"Fort William, Kolkata - WBPCB",pm25,25-12-2025,79.75,µg/m³
6981,"Fort William, Kolkata - WBPCB",pm25,25-12-2025,87.17,µg/m³
6981,"Fort William, Kolkata - WBPCB",pm25,25-12-2025,87.17,µg/m³
6981,"Fort William, Kolkata - WBPCB",pm25,25-12-2025,87.17,µg/m³
6981,"Fort William, Kolkata - WBPCB",pm25,25-12-2025,88.74,µg/m³
6981,"Fort William, Kolkata - WBPCB",pm25,25-12-2025,97.25,µg/m³
6981,"Fort William, Kolkata - WBPCB",pm25,25-12-2025,97.25,µg/m³
6981,"Fort William, Kolkata - WBPCB",pm25,25-12-2025,97.25,µg/m³
6981,"Fort William, Kolkata - WBPCB",pm25,25-12-2025,86.25,µg/m³
6981,"Fort William, Kolkata - WBPCB",pm25,25-12-2025,82.41,µg/m³
6981,"Fort William, Kolkata - WBPCB",pm25,25-12-2025,82.41,µg/m³
6981,"Fort William, Kolkata - WBPCB",pm25,25-12-2025,82.41,µg/m³
6981,"Fort William, Kolkata - WBPCB",pm25,25-12-2025,81.21,µg/m³
6981,"Fort William, Kolkata - WBPCB",pm25,25-12-2025,74.7,µg/m³
6981,"Fort William, Kolkata - WBPCB",pm25,25-12-2025,74.7,µg/m³
6981,"Fort William, Kolkata - WBPCB",pm25,25-12-2025,74.7,µg/m³
6981,"Fort William, Kolkata - WBPCB",pm25,25-12-2025,74.28,µg/m³
6981,"Fort William, Kolkata - WBPCB",pm25,25-12-2025,72.02,µg/m³
6981,"Fort William, Kolkata - WBPCB",pm25,25-12-2025,72.02,µg/m³
6981,"Fort William, Kolkata - WBPCB",pm25,25-12-2025,72.02,µg/m³
6981,"Fort William, Kolkata - WBPCB",pm25,25-12-2025,71.62,µg/m³
6981,"Fort William, Kolkata - WBPCB",pm25,25-12-2025,69.5,µg/m³
6981,"Fort William, Kolkata - WBPCB",pm25,25-12-2025,69.5,µg/m³
6981,"Fort William, Kolkata - WBPCB",pm25,25-12-2025,69.5,µg/m³
6981,"Fort William, Kolkata - WBPCB",pm25,25-12-2025,69.83,µg/m³
6981,"Fort William, Kolkata - WBPCB",pm25,25-12-2025,71.62,µg/m³
6981,"Fort William, Kolkata - WBPCB",pm25,25-12-2025,71.62,µg/m³
6981,"Fort William, Kolkata - WBPCB",pm25,26-12-2025,71.62,µg/m³
6981,"Fort William, Kolkata - WBPCB",pm25,26-12-2025,71.06,µg/m³
6981,"Fort William, Kolkata - WBPCB",pm25,26-12-2025,68.05,µg/m³
6981,"Fort William, Kolkata - WBPCB",pm25,26-12-2025,68.05,µg/m³
6981,"Fort William, Kolkata - WBPCB",pm25,26-12-2025,68.05,µg/m³
6981,"Fort William, Kolkata - WBPCB",pm25,26-12-2025,68.57,µg/m³
6981,"Fort William, Kolkata - WBPCB",pm25,26-12-2025,71.36,µg/m³
6981,"Fort William, Kolkata - WBPCB",pm25,26-12-2025,71.36,µg/m³
6981,"Fort William, Kolkata - WBPCB",pm25,26-12-2025,71.36,µg/m³
6981,"Fort William, Kolkata - WBPCB",pm25,26-12-2025,71.71,µg/m³
6981,"Fort William, Kolkata - WBPCB",pm25,26-12-2025,73.62,µg/m³
6981,"Fort William, Kolkata - WBPCB",pm25,26-12-2025,73.62,µg/m³
6981,"Fort William, Kolkata - WBPCB",pm25,26-12-2025,73.62,µg/m³
6981,"Fort William, Kolkata - WBPCB",pm25,26-12-2025,73.58,µg/m³
6981,"Fort William, Kolkata - WBPCB",pm25,26-12-2025,73.33,µg/m³
6981,"Fort William, Kolkata - WBPCB",pm25,26-12-2025,73.33,µg/m³
6981,"Fort William, Kolkata - WBPCB",pm25,26-12-2025,73.33,µg/m³
6981,"Fort William, Kolkata - WBPCB",pm25,26-12-2025,72.87,µg/m³
6981,"Fort William, Kolkata - WBPCB",pm25,26-12-2025,70.38,µg/m³
6981,"Fort William, Kolkata - WBPCB",pm25,26-12-2025,70.38,µg/m³
6981,"Fort William, Kolkata - WBPCB",pm25,26-12-2025,70.38,µg/m³
6981,"Fort William, Kolkata - WBPCB",pm25,26-12-2025,69.05,µg/m³
6981,"Fort William, Kolkata - WBPCB",pm25,26-12-2025,61.84,µg/m³
6981,"Fort William, Kolkata - WBPCB",pm25,26-12-2025,61.84,µg/m³
6981,"Fort William, Kolkata - WBPCB",pm25,26-12-2025,61.84,µg/m³
6981,"Fort William, Kolkata - WBPCB",pm25,26-12-2025,61.71,µg/m³
6981,"Fort William, Kolkata - WBPCB",pm25,26-12-2025,61,µg/m³
6981,"Fort William, Kolkata - WBPCB",pm25,26-12-2025,61,µg/m³
6981,"Fort William, Kolkata - WBPCB",pm25,26-12-2025,61,µg/m³
6981,"Fort William, Kolkata - WBPCB",pm25,26-12-2025,60.76,µg/m³
6981,"Fort William, Kolkata - WBPCB",pm25,26-12-2025,59.46,µg/m³
6981,"Fort William, Kolkata - WBPCB",pm25,26-12-2025,59.46,µg/m³
6981,"Fort William, Kolkata - WBPCB",pm25,26-12-2025,59.46,µg/m³
6981,"Fort William, Kolkata - WBPCB",pm25,26-12-2025,58.64,µg/m³
6981,"Fort William, Kolkata - WBPCB",pm25,26-12-2025,54.19,µg/m³
6981,"Fort William, Kolkata - WBPCB",pm25,26-12-2025,54.19,µg/m³
6981,"Fort William, Kolkata - WBPCB",pm25,26-12-2025,54.19,µg/m³
6981,"Fort William, Kolkata - WBPCB",pm25,26-12-2025,53.8,µg/m³
6981,"Fort William, Kolkata - WBPCB",pm25,26-12-2025,51.66,µg/m³
6981,"Fort William, Kolkata - WBPCB",pm25,26-12-2025,51.66,µg/m³
6981,"Fort William, Kolkata - WBPCB",pm25,26-12-2025,51.66,µg/m³
6981,"Fort William, Kolkata - WBPCB",pm25,26-12-2025,51.88,µg/m³
6981,"Fort William, Kolkata - WBPCB",pm25,26-12-2025,53.11,µg/m³
6981,"Fort William, Kolkata - WBPCB",pm25,26-12-2025,53.11,µg/m³
6981,"Fort William, Kolkata - WBPCB",pm25,26-12-2025,53.11,µg/m³
6981,"Fort William, Kolkata - WBPCB",pm25,26-12-2025,53.12,µg/m³
6981,"Fort William, Kolkata - WBPCB",pm25,26-12-2025,53.21,µg/m³
6981,"Fort William, Kolkata - WBPCB",pm25,26-12-2025,53.21,µg/m³
6981,"Fort William, Kolkata - WBPCB",pm25,26-12-2025,53.21,µg/m³
6981,"Fort William, Kolkata - WBPCB",pm25,26-12-2025,53.88,µg/m³
6981,"Fort William, Kolkata - WBPCB",pm25,26-12-2025,57.5,µg/m³
6981,"Fort William, Kolkata - WBPCB",pm25,26-12-2025,57.5,µg/m³
6981,"Fort William, Kolkata - WBPCB",pm25,26-12-2025,57.5,µg/m³
6981,"Fort William, Kolkata - WBPCB",pm25,26-12-2025,59.46,µg/m³
6981,"Fort William, Kolkata - WBPCB",pm25,26-12-2025,70.14,µg/m³
6981,"Fort William, Kolkata - WBPCB",pm25,26-12-2025,70.14,µg/m³
6981,"Fort William, Kolkata - WBPCB",pm25,26-12-2025,70.14,µg/m³
6981,"Fort William, Kolkata - WBPCB",pm25,26-12-2025,73.11,µg/m³
6981,"Fort William, Kolkata - WBPCB",pm25,26-12-2025,89.21,µg/m³
6981,"Fort William, Kolkata - WBPCB",pm25,26-12-2025,89.21,µg/m³
6981,"Fort William, Kolkata - WBPCB",pm25,26-12-2025,89.21,µg/m³
6981,"Fort William, Kolkata - WBPCB",pm25,26-12-2025,90.97,µg/m³
6981,"Fort William, Kolkata - WBPCB",pm25,26-12-2025,100.51,µg/m³
6981,"Fort William, Kolkata - WBPCB",pm25,26-12-2025,100.51,µg/m³
6981,"Fort William, Kolkata - WBPCB",pm25,26-12-2025,100.51,µg/m³
6981,"Fort William, Kolkata - WBPCB",pm25,26-12-2025,103.01,µg/m³
6981,"Fort William, Kolkata - WBPCB",pm25,26-12-2025,116.57,µg/m³
6981,"Fort William, Kolkata - WBPCB",pm25,26-12-2025,116.57,µg/m³
6981,"Fort William, Kolkata - WBPCB",pm25,26-12-2025,116.57,µg/m³
6981,"Fort William, Kolkata - WBPCB",pm25,26-12-2025,117.13,µg/m³
6981,"Fort William, Kolkata - WBPCB",pm25,26-12-2025,120.2,µg/m³
6981,"Fort William, Kolkata - WBPCB",pm25,26-12-2025,120.2,µg/m³
6981,"Fort William, Kolkata - WBPCB",pm25,26-12-2025,120.2,µg/m³
6981,"Fort William, Kolkata - WBPCB",pm25,26-12-2025,123.47,µg/m³
6981,"Fort William, Kolkata - WBPCB",pm25,26-12-2025,122.38,µg/m³
6981,"Fort William, Kolkata - WBPCB",pm25,26-12-2025,122.38,µg/m³
6981,"Fort William, Kolkata - WBPCB",pm25,26-12-2025,122.38,µg/m³
6981,"Fort William, Kolkata - WBPCB",pm25,26-12-2025,117.03,µg/m³
6981,"Fort William, Kolkata - WBPCB",pm25,26-12-2025,114.17,µg/m³
6981,"Fort William, Kolkata - WBPCB",pm25,26-12-2025,98.65,µg/m³
6981,"Fort William, Kolkata - WBPCB",pm25,26-12-2025,98.65,µg/m³
6981,"Fort William, Kolkata - WBPCB",pm25,26-12-2025,98.65,µg/m³
6981,"Fort William, Kolkata - WBPCB",pm25,26-12-2025,96.77,µg/m³
6981,"Fort William, Kolkata - WBPCB",pm25,26-12-2025,86.55,µg/m³
6981,"Fort William, Kolkata - WBPCB",pm25,26-12-2025,86.55,µg/m³
